<application>
  <component name="GoSdkList">
    <sdk-url>
      <set>
        <option value="" />
        <option value="file://" />
        <option value="file://$USER_HOME$/my_sh/go_pkg/go" />
        <option value="file://$USER_HOME$/my_sh/go_pkg/go1.14.1" />
        <option value="file://$USER_HOME$/my_sh/go_pkg/pkg/go1.15.0" />
        <option value="file://$USER_HOME$/pkg/go" />
        <option value="file://$USER_HOME$/pkg/go_pkg/go1.17.0" />
        <option value="file://$USER_HOME$/pkg/go_pkg/go1.18.0" />
        <option value="file://$USER_HOME$/pkg/go_pkg/go1.18.3" />
        <option value="file://$USER_HOME$/pkg/go_pkg/go1.19.0" />
      </set>
    </sdk-url>
  </component>
</application>