<application>
  <component name="AppStorage">
    <histories>
      <item value="New Reader" />
      <item value="acquire" />
      <item value="Called before requests made to manipulate requests" />
      <item value="Middlewares" />
      <item value="Metrics" />
      <item value="Scraper metrics exporting type. See metrics.Type" />
      <item value="Concurrent requests per domain limit. Uses request.URL.Host Subdomains are different than top domain" />
      <item value="Concurrent requests limit" />
      <item value="Charset Detect Disabled" />
      <item value="Revisiting same URLs is disabled by default" />
      <item value="StartRequestsFunc called on scraper start" />
      <item value="Called after response received" />
      <item value="metrics" />
      <item value="redirection" />
      <item value="Exist" />
      <item value="Rendered" />
      <item value="If true, HTML parsing is disabled to improve performance." />
      <item value="Trigger" />
      <item value="WalkDir walks the file tree rooted at root, calling fn for each file or directory in the tree, including root." />
      <item value="EAFNOSUPPORT" />
      <item value="EINVAL" />
      <item value="Processor" />
      <item value="Clipping" />
      <item value="activator" />
      <item value="Scope" />
      <item value="resolve" />
      <item value="Implementation" />
      <item value="Typed" />
      <item value="Faint enables faint rendering." />
      <item value="Faint" />
      <item value="Adjust" />
      <item value="Alpha" />
      <item value="View renders the program's UI, which is just a string. The view is rendered after every Update." />
      <item value="Update is called when a message is received. Use it to inspect messages and, in response, update the model andor send a command." />
      <item value="pdate is called when a message is received. Use it to inspect messages and, in response, update the model andor send a command." />
      <item value="partitionEqual partitions `v` into elements equal to `v[pivotidx]` followed by elements greater than `v[pivotidx]`." />
      <item value="partial" />
      <item value="partial Insertion Sort" />
      <item value="Shift the greater element to the right." />
      <item value="Shift the smaller element to the left." />
      <item value="partialInsertionSort partially sorts a slice by shifting several out-of-order elements around. Returns `true` if the slice is sorted at the end. This function is `O(n)` worst-case." />
      <item value="choosePivot chooses a pivot in `v` and returns the index and `true` if the slice is likely already sorted." />
      <item value="Choose a pivot and try guessing whether the slice is already sorted." />
      <item value="breakPatterns scatters some elements around in an attempt to break patterns that might cause imbalanced partitions in quicksort." />
      <item value="Partition" />
      <item value="Len returns the minimum number of bits required to represent x; the result is 0 for x == 0." />
      <item value="hotCache contains keysvalues for which this peer is not authoritative (otherwise they would be in mainCache), but are popular enough to warrant mirroring in this process to avoid going over the network to fetch from a peer. Having a hotCache avoids network hotspotting, where a peer's network card could become the bottleneck on a popular key. This cache is used sparingly to maximize the total number of keyvalue pairs that can be stored globally." />
      <item value="Consider the following serialized event ordering for two goroutines in which this callback gets called twice for the same key" />
      <item value="Evict items from cache(s) if necessary." />
      <item value="populate" />
    </histories>
    <option name="languageScores">
      <map>
        <entry key="CHINESE" value="90" />
        <entry key="ENGLISH" value="91" />
        <entry key="ICELANDIC" value="2" />
        <entry key="ESPERANTO" value="2" />
      </map>
    </option>
  </component>
  <component name="Cache">
    <option name="lastTrimTime" value="1669031857747" />
  </component>
  <component name="Translation.Cache">
    <option name="lastTrimTime" value="1687181269387" />
  </component>
  <component name="Translation.States">
    <histories>
      <item value="init Charsets" />
      <item value="Key derives a key from the password, salt and iteration count, returning a []byte of length keylen that can be used as cryptographic key. The key is derived based on the method described as PBKDF2 with the HMAC variant using the supplied hash function." />
      <item value="Rel returns a relative path that is lexically equivalent to targpath when joined to basepath with an intervening separator. That is, Join(basepath, Rel(basepath, targpath)) is equivalent to targpath itself. On success, the returned path will always be relative to basepath, even if basepath and targpath share no elements. An error is returned if targpath can't be made relative to basepath or if knowing the current working directory would be necessary to compute it. Rel calls Clean on the result." />
      <item value="enclosing package; nil for shared funcs (wrappers and error.Error)" />
      <item value="monomorph" />
      <item value="anon" />
      <item value="attributes" />
      <item value="Extension" />
      <item value="The digraph command performs queries over unlabelled directed graphs represented in text form. It is intended to integrate nicely with typical UNIX command pipelines." />
      <item value="Analyze runs the pointer analysis with the scope and options specified by config, and returns the (synthetic) root of the callgraph." />
      <item value="Package cha computes the call graph of a Go program using the Class Hierarchy Analysis (CHA) algorithm." />
      <item value="This package provides Rapid Type Analysis (RTA) for Go, a fast algorithm for call graph construction and discovery of reachable code (and hence dead code) and runtime types" />
      <item value="Package static computes the call graph of a Go program containing only static call edges." />
      <item value="combine" />
      <item value="1. If fewer than corePoolSize threads are running, try to start a new thread with the given command as its first task. The call to addWorker atomically checks runState and workerCount, and so prevents false alarms that would add threads when it shouldn't, by returning false. 2. If a task can be successfully queued, then we still need to double-check whether we should have added a thread (because existing ones died since last checking) or that the pool shut down since entry into this method. So we recheck state and if necessary roll back the enqueuing if stopped, or start a new thread if there are none. 3. If we cannot queue task, then we try to add a new thread. If it fails, we know we are shut down or saturated and so reject the task." />
      <item value="Deadline returns the time when work done on behalf of this context should be canceled. Deadline returns ok==false when no deadline is set. Successive calls to Deadline return the same results." />
      <item value="Sum appends the current hash to b and returns the resulting slice. It does not change the underlying hash state." />
      <item value="export tag" />
      <item value="export Tag" />
      <item value="decl" />
      <item value="lexeme" />
      <item value="Letter" />
      <item value="readch" />
      <item value="Stop prevents the Timer from firing. It returns true if the call stops the timer, false if the timer has already expired or been stopped. Stop does not close the channel, to prevent a read from the channel succeeding incorrectly." />
      <item value="To ensure the channel is empty after a call to Stop, check the return value and drain the channel. For example, assuming the program has not received from t.C already:" />
      <item value="Run execute the function in a seperate goroutine," />
      <item value="When Read encounters an error or end-of-file condition after successfully reading n &gt; 0 bytes, it returns the number of bytes read. It may return the (non-nil) error from the same call or return the error (and n == 0) from a subsequent call. An instance of this general case is that a Reader returning a non-zero number of bytes at the end of the input stream may return either err == EOF or err == nil. The next Read should return 0, EOF." />
      <item value="bookmarks" />
    </histories>
    <option name="languageScores">
      <map>
        <entry key="CHINESE" value="6" />
        <entry key="CHINESE_TRADITIONAL" value="10" />
        <entry key="ENGLISH" value="15" />
        <entry key="GERMAN" value="2" />
        <entry key="HAWAIIAN" value="1" />
      </map>
    </option>
  </component>
</application>