<keymap version="1" name="IntelliJIDEAClassic_z" parent="Mac OS X">
  <action id="$EditorTranslateAction">
    <keyboard-shortcut first-keystroke="ctrl meta u" />
    <keyboard-shortcut first-keystroke="shift ctrl meta q" />
  </action>
  <action id="Editor EditorTranslateAction">
    <keyboard-shortcut first-keystroke="shift ctrl meta q" />
  </action>
  <action id="FileChooser.TogglePathBar" />
  <action id="GotoAction">
    <keyboard-shortcut first-keystroke="shift meta a" />
    <keyboard-shortcut first-keystroke="meta p" />
  </action>
  <action id="ParameterInfo" />
  <action id="copilot.disposeInlays" />
</keymap>